{"xG Home":{"0":1.6263823108},"W Home":{"0":1},"D Home":{"0":1},"L Home":{"0":3},"Home Goals last 5":{"0":12},"Home Goals conceeded last 5":{"0":14},"xG Away":{"0":1.4239862996},"W Away":{"0":1},"D Away":{"0":1},"L Away":{"0":3},"Away Goals last 5":{"0":4},"Away Goals conceeded last 5":{"0":9},"Probability 1":{"0":0.4229476986},"Probability X":{"0":0.2415449278},"Probability 2":{"0":0.3355073736},"Probability 1X":{"0":0.6644926264},"Probability 12":{"0":0.7584550722},"Probability X2":{"0":0.5770523014},"Probability +0.5":{"0":0.9526585294},"Probability -0.5":{"0":0.0473414706},"Probability +1.5":{"0":0.8082495934},"Probability -1.5":{"0":0.1917504066},"Probability +2.5":{"0":0.5879993508},"Probability -2.5":{"0":0.4120006492},"Probability +3.5":{"0":0.3640512086},"Probability -3.5":{"0":0.6359487914},"Probability +4.5":{"0":0.1932701128},"Probability -4.5":{"0":0.8067298872},"Elo Home":{"0":1517.44287109},"Elo Away":{"0":1516.36352539},"P Home normed":{"0":0.4191333175},"P Draw normed":{"0":0.2735022496},"P Away normed":{"0":0.3073644329},"Avg Quota H":{"0":2.29},"Avg Quota D":{"0":3.54},"Avg Quota A":{"0":3.04},"Avg Quota >2.5":{"0":1.71},"Avg Quota <2.5":{"0":2.23},"Missing xGH":{"0":0.4137083665},"Missing xGA":{"0":1.4392506629},"Missing Defense xGH":{"0":0.7817642875},"Missing Defense xGA":{"0":0.1812318638}}