{"xG Home":{"0":1.4612060759,"1":2.5022754615,"2":3.4561410194,"3":0.8111728573,"4":2.643327787,"5":2.2026650496,"6":0.6936283919,"7":0.565406465,"8":0.919253175,"9":2.3730184107,"10":0.9011145509,"11":1.1144635426,"12":1.0701300252,"13":1.220418394},"W Home":{"0":4,"1":2,"2":3,"3":1,"4":5,"5":3,"6":1,"7":2,"8":0,"9":2,"10":0,"11":4,"12":1,"13":2},"D Home":{"0":0,"1":3,"2":0,"3":0,"4":0,"5":1,"6":1,"7":0,"8":1,"9":1,"10":0,"11":0,"12":0,"13":2},"L Home":{"0":1,"1":0,"2":2,"3":4,"4":0,"5":1,"6":3,"7":3,"8":4,"9":2,"10":5,"11":1,"12":4,"13":1},"Home Goals last 5":{"0":9,"1":10,"2":8,"3":3,"4":11,"5":11,"6":5,"7":4,"8":3,"9":7,"10":3,"11":7,"12":3,"13":4},"Home Goals conceeded last 5":{"0":5,"1":6,"2":7,"3":8,"4":2,"5":5,"6":7,"7":6,"8":10,"9":4,"10":16,"11":3,"12":12,"13":3},"xG Away":{"0":1.4695472441,"1":0.8921659636,"2":1.1302596859,"3":1.3255411846,"4":0.7033094425,"5":1.17786534,"6":1.8292179925,"7":1.2259741326,"8":2.1984486391,"9":0.5344925605,"10":2.2273490212,"11":1.3790845136,"12":1.3228292207,"13":1.3612519707},"W Away":{"0":2,"1":0,"2":3,"3":4,"4":3,"5":1,"6":4,"7":2,"8":0,"9":1,"10":0,"11":2,"12":2,"13":2},"D Away":{"0":1,"1":2,"2":0,"3":0,"4":0,"5":0,"6":0,"7":2,"8":2,"9":2,"10":1,"11":3,"12":1,"13":0},"L Away":{"0":2,"1":3,"2":2,"3":1,"4":2,"5":4,"6":1,"7":1,"8":3,"9":2,"10":4,"11":0,"12":2,"13":3},"Away Goals last 5":{"0":7,"1":2,"2":12,"3":8,"4":7,"5":4,"6":10,"7":6,"8":2,"9":3,"10":2,"11":11,"12":9,"13":7},"Away Goals conceeded last 5":{"0":4,"1":7,"2":10,"3":2,"4":8,"5":9,"6":4,"7":6,"8":7,"9":5,"10":8,"11":6,"12":11,"13":9},"Probability 1":{"0":0.374219737,"1":0.7102147592,"2":0.7447735515,"3":0.2288232619,"4":0.7678586955,"5":0.5986275724,"6":0.1353388848,"7":0.1711775935,"8":0.1447455253,"9":0.7739677558,"10":0.1385403193,"11":0.3031151661,"12":0.3015142309,"13":0.3345433919},"Probability X":{"0":0.2478798904,"1":0.1765392829,"2":0.1726927716,"3":0.2839218699,"4":0.1567325951,"5":0.2067939413,"6":0.2220635237,"7":0.3042293306,"8":0.1979145416,"9":0.1601550698,"10":0.1949274926,"11":0.2682958113,"12":0.274901883,"13":0.2650262376},"Probability 2":{"0":0.3779003725,"1":0.1132459579,"2":0.082533677,"3":0.4872548682,"4":0.0754087094,"5":0.1945784863,"6":0.6425975915,"7":0.5245930759,"8":0.657339933,"9":0.0658771744,"10":0.666532188,"11":0.4285890226,"12":0.4235838861,"13":0.4004303705},"Probability 1X":{"0":0.6220996275,"1":0.8867540421,"2":0.917466323,"3":0.5127451318,"4":0.9245912906,"5":0.8054215137,"6":0.3574024085,"7":0.4754069241,"8":0.342660067,"9":0.9341228256,"10":0.333467812,"11":0.5714109774,"12":0.5764161139,"13":0.5995696295},"Probability 12":{"0":0.7521201096,"1":0.8234607171,"2":0.8273072284,"3":0.7160781301,"4":0.8432674049,"5":0.7932060587,"6":0.7779364763,"7":0.6957706694,"8":0.8020854584,"9":0.8398449302,"10":0.8050725074,"11":0.7317041887,"12":0.725098117,"13":0.7349737624},"Probability X2":{"0":0.625780263,"1":0.2897852408,"2":0.2552264485,"3":0.7711767381,"4":0.2321413045,"5":0.4013724276,"6":0.8646611152,"7":0.8288224065,"8":0.8552544747,"9":0.2260322442,"10":0.8614596807,"11":0.6968848339,"12":0.6984857691,"13":0.6654566081},"Probability +0.5":{"0":0.9466431718,"1":0.9664407057,"2":0.9898105327,"3":0.8819579122,"4":0.9647974667,"5":0.9659705989,"6":0.9197690866,"7":0.8332701761,"8":0.9557412335,"9":0.9453885096,"10":0.9562149819,"11":0.9173836814,"12":0.9086410701,"13":0.9243524606},"Probability -0.5":{"0":0.0533568282,"1":0.0335592943,"2":0.0101894673,"3":0.1180420878,"4":0.0352025333,"5":0.0340294011,"6":0.0802309134,"7":0.1667298239,"8":0.0442587665,"9":0.0546114904,"10":0.0437850181,"11":0.0826163186,"12":0.0913589299,"13":0.0756475394},"Probability +1.5":{"0":0.7902674703,"1":0.8525256469,"2":0.9430775524,"3":0.6297357257,"4":0.8469873581,"5":0.8509331743,"6":0.7173588168,"7":0.5345936045,"8":0.8177555969,"9":0.7866050021,"10":0.8192351477,"11":0.7113759208,"12":0.690022874,"13":0.7290554498},"Probability -1.5":{"0":0.2097325297,"1":0.1474743531,"2":0.0569224476,"3":0.3702642743,"4":0.1530126419,"5":0.1490668257,"6":0.2826411832,"7":0.4654063955,"8":0.1822444031,"9":0.2133949979,"10":0.1807648523,"11":0.2886240792,"12":0.309977126,"13":0.2709445502},"Probability +2.5":{"0":0.5611181671,"1":0.6591866495,"2":0.8359094657,"3":0.3602723819,"4":0.6498535103,"5":0.6564894194,"6":0.4620338081,"7":0.2670718969,"8":0.6026565621,"9":0.5557726069,"10":0.604966937,"11":0.4545307952,"12":0.4284506572,"13":0.4769591973},"Probability -2.5":{"0":0.4388818329,"1":0.3408133505,"2":0.1640905343,"3":0.6397276181,"4":0.3501464897,"5":0.3435105806,"6":0.5379661919,"7":0.7329281031,"8":0.3973434379,"9":0.4442273931,"10":0.395033063,"11":0.5454692048,"12":0.5715493428,"13":0.5230408027},"Probability +3.5":{"0":0.3372581401,"1":0.440427349,"2":0.6720708695,"3":0.168350345,"4":0.4299416857,"5":0.4373817453,"6":0.2473185498,"7":0.107327498,"8":0.3791183451,"9":0.3320566999,"10":0.3815235064,"11":0.241045574,"12":0.2198067724,"13":0.2600160559},"Probability -3.5":{"0":0.6627418599,"1":0.559572651,"2":0.3279291305,"3":0.831649655,"4":0.5700583143,"5":0.5626182547,"6":0.7526814502,"7":0.892672502,"8":0.6208816549,"9":0.6679433001,"10":0.6184764936,"11":0.758954426,"12":0.7801932276,"13":0.7399839441},"Probability +4.5":{"0":0.1732385107,"1":0.2547859411,"2":0.4842135062,"3":0.0658297173,"4":0.2459504108,"5":0.2522067076,"6":0.1118951465,"7":0.0357867439,"8":0.2048869689,"9":0.1694425863,"10":0.2067648481,"11":0.1079616594,"12":0.094987694,"13":0.1199971362},"Probability -4.5":{"0":0.8267614893,"1":0.7452140589,"2":0.5157864938,"3":0.9341702827,"4":0.7540495892,"5":0.7477932924,"6":0.8881048535,"7":0.9642132561,"8":0.7951130311,"9":0.8305574137,"10":0.7932351519,"11":0.8920383406,"12":0.905012306,"13":0.8800028638},"Elo Home":{"0":1750.35913086,"1":1748.22753906,"2":1866.1776123,"3":1565.57312012,"4":1996.32006836,"5":1834.60107422,"6":1569.03356934,"7":1549.53564453,"8":1533.03503418,"9":1707.30664062,"10":1474.09777832,"11":1780.49963379,"12":1535.38891602,"13":1649.52197266},"Elo Away":{"0":1712.49890137,"1":1536.31225586,"2":1629.93408203,"3":1775.80957031,"4":1571.18237305,"5":1560.88305664,"6":1868.97167969,"7":1691.87036133,"8":1695.66369629,"9":1563.4666748,"10":1573.74633789,"11":1751.50476074,"12":1755.5513916,"13":1627.14001465},"P Home normed":{"0":0.5232653264,"1":0.7547877018,"2":0.712196197,"3":0.1652598428,"4":0.804733305,"5":0.7315796822,"6":0.1506993744,"7":0.2777115483,"8":0.1733615222,"9":0.6303762143,"10":0.3219182823,"11":0.4069163098,"12":0.180202161,"13":0.4512869617},"P Draw normed":{"0":0.2609312352,"1":0.1654329209,"2":0.1824080655,"3":0.2573143971,"4":0.135249295,"5":0.1733725638,"6":0.2417937724,"7":0.2909753834,"8":0.2372093023,"9":0.2216391256,"10":0.3029231041,"11":0.2897920307,"12":0.230045312,"13":0.2677966586},"P Away normed":{"0":0.2158034384,"1":0.0797793772,"2":0.1053957375,"3":0.5774257601,"4":0.0600174,"5":0.095047754,"6":0.6075068532,"7":0.4313130683,"8":0.5894291755,"9":0.1479846601,"10":0.3751586136,"11":0.3032916595,"12":0.589752527,"13":0.2809163796},"Avg Quota H":{"0":1.86,"1":1.28,"2":1.36,"3":5.87,"4":1.2,"5":1.32,"6":6.45,"7":3.51,"8":5.61,"9":1.54,"10":3.03,"11":2.4,"12":5.4,"13":2.16},"Avg Quota D":{"0":3.73,"1":5.84,"2":5.31,"3":3.77,"4":7.14,"5":5.57,"6":4.02,"7":3.35,"8":4.1,"9":4.38,"10":3.22,"11":3.37,"12":4.23,"13":3.64},"Avg Quota A":{"0":4.51,"1":12.11,"2":9.19,"3":1.68,"4":16.09,"5":10.16,"6":1.6,"7":2.26,"8":1.65,"9":6.56,"10":2.6,"11":3.22,"12":1.65,"13":3.47},"Avg Quota >2.5":{"0":1.75,"1":1.61,"2":1.44,"3":2.03,"4":1.53,"5":1.54,"6":1.9,"7":2.33,"8":2.05,"9":1.87,"10":1.97,"11":1.87,"12":1.74,"13":1.75},"Avg Quota <2.5":{"0":2.06,"1":2.28,"2":2.68,"3":1.77,"4":2.45,"5":2.45,"6":1.89,"7":1.59,"8":1.76,"9":1.93,"10":1.83,"11":1.93,"12":2.07,"13":2.06},"Missing xGH":{"0":1.2995258123,"1":0.9237088114,"2":0.7256672606,"3":0.2063681073,"4":0.9778251052,"5":2.2735843062,"6":0.3502217531,"7":0.3101451844,"8":0.4311603978,"9":0.2331629992,"10":1.6097173374,"11":1.3590891808,