{"acc": [0.9535361528396606, 0.9914137721061707, 0.9924967885017395, 0.9936398863792419, 0.994317352771759, 0.9949132800102234, 0.9958085417747498, 0.996147632598877, 0.9968770742416382, 0.9970834255218506, 0.9971284866333008, 0.99748295545578, 0.997623085975647, 0.9972035884857178, 0.9978029131889343, 0.9978923797607422, 0.9978006482124329, 0.9979944229125977, 0.998099148273468, 0.9982436895370483, 0.9983195066452026, 0.9982441663742065, 0.9976738095283508, 0.9982792735099792, 0.9983871579170227, 0.9985105991363525, 0.998558759689331, 0.9985941648483276, 0.9986022710800171, 0.9986552596092224], "auc_pr": [0.18010257184505463, 0.42327815294265747, 0.536678671836853, 0.6511914730072021, 0.718418538570404, 0.7858307361602783, 0.8477789163589478, 0.8666210174560547, 0.906087338924408, 0.9174647331237793, 0.9213194251060486, 0.9378572702407837, 0.9457896947860718, 0.9278978109359741, 0.9537605047225952, 0.9574861526489258, 0.9547905325889587, 0.9628450870513916, 0.967197597026825, 0.9717616438865662, 0.9745931029319763, 0.9721585512161255, 0.9511391520500183, 0.9734355211257935, 0.9775148630142212, 0.980589747428894, 0.9817808866500854, 0.9830803871154785, 0.9832687377929688, 0.9844567775726318], "auc_roc": [0.7050779461860657, 0.856414258480072, 0.9097182154655457, 0.9417025446891785, 0.9629327654838562, 0.980717658996582, 0.9885962009429932, 0.9909678101539612, 0.9935545325279236, 0.9947963356971741, 0.9960148930549622, 0.996440052986145, 0.99726802110672, 0.9967677593231201, 0.9980289340019226, 0.9979054927825928, 0.99740070104599, 0.9979512095451355, 0.9982695579528809, 0.9985062479972839, 0.9987550377845764, 0.9985889792442322, 0.9968120455741882, 0.9986346960067749, 0.9990248680114746, 0.9991180300712585, 0.9991270899772644, 0.9993081092834473, 0.9993151426315308, 0.9992685914039612], "iou": [0.06728631258010864, 0.2851235866546631, 0.3762243092060089, 0.47347399592399597, 0.5334689617156982, 0.5813774466514587, 0.6490593552589417, 0.6765002012252808, 0.7326801419258118, 0.7487830519676208, 0.7523466348648071, 0.7800804376602173, 0.7911866903305054, 0.7575159072875977, 0.8059906363487244, 0.8130857944488525, 0.8049739003181458, 0.8213415145874023, 0.8298722505569458, 0.8421456217765808, 0.8484605550765991, 0.8420491218566895, 0.7942928075790405, 0.8453211188316345, 0.8541952967643738, 0.8648373484611511, 0.8687546849250793, 0.8718762397766113, 0.8726874589920044, 0.8770912289619446], "loss": [0.3132917881011963, 0.16149811446666718, 0.1116601899266243, 0.08026554435491562, 0.06006218492984772, 0.04560927674174309, 0.034769222140312195, 0.027889225631952286, 0.02172836847603321, 0.017991742119193077, 0.015456021763384342, 0.0128145357593894, 0.0110283512622118, 0.011127331294119358, 0.008723587729036808, 0.007885907776653767, 0.007648636121302843, 0.0066840760409832, 0.006064149551093578, 0.005430873949080706, 0.005014866590499878, 0.005074972752481699, 0.0065972087904810905, 0.004746715538203716, 0.004329052288085222, 0.003952732775360346, 0.0037812127266079187, 0.003617545124143362, 0.003559586824849248, 0.0034196062479168177], "precision": [0.07818594574928284, 0.6664333343505859, 0.723171591758728, 0.7623957395553589, 0.7751764059066772, 0.7920148968696594, 0.8247950673103333, 0.8333300948143005, 0.8608413934707642, 0.8687810301780701, 0.8707371354103088, 0.8860676288604736, 0.8925266861915588, 0.8759975433349609, 0.898844838142395, 0.9036921858787537, 0.9025254249572754, 0.9082837104797363, 0.9136562943458557, 0.918831467628479, 0.9222119450569153, 0.9192571043968201, 0.898586094379425, 0.9190983772277832, 0.9252407550811768, 0.9294670224189758, 0.9330728650093079, 0.9340822696685791, 0.9335067272186279, 0.936996579170227], "recall": [0.32553863525390625, 0.3325880467891693, 0.4395236074924469, 0.5554341673851013, 0.6311162710189819, 0.6861301064491272, 0.7528597712516785, 0.7823554873466492, 0.8311185836791992, 0.8442649841308594, 0.8469393849372864, 0.8670493960380554, 0.8745009899139404, 0.848501443862915, 0.886391282081604, 0.8902255296707153, 0.8816211223602295, 0.8956218957901001, 0.900494396686554, 0.9098320007324219, 0.9138633012771606, 0.9093024730682373, 0.8725074529647827, 0.9132758378982544, 0.9175217151641846, 0.9255819916725159, 0.9264877438545227, 0.9290381073951721, 0.9305304288864136, 0.9320599436759949], "val_acc": [0.989692211151123, 0.99273681640625, 0.9932307600975037, 0.9939948916435242, 0.9949725866317749, 0.9962066411972046, 0.9966526031494141, 0.9968138933181763, 0.9970429539680481, 0.9973257780075073, 0.9972501397132874, 0.9972904324531555, 0.9973998665809631, 0.9973970651626587, 0.9962896108627319, 0.9971374869346619, 0.997609555721283, 0.9976980686187744, 0.9973167181015015, 0.997322678565979, 0.9976072311401367, 0.9975590705871582, 0.9975017309188843, 0.9977298974990845, 0.9975865483283997, 0.9977255463600159, 0.9977422952651978, 0.9975773096084595, 0.9972295761108398, 0.997809886932373], "val_auc_pr": [0.1813988834619522, 0.5877173542976379, 0.7199056148529053, 0.7666943073272705, 0.8235892057418823, 0.8760390281677246, 0.8980923295021057, 0.9103220105171204, 0.919826865196228, 0.9346674680709839, 0.9312939047813416, 0.9346097707748413, 0.9411861300468445, 0.9391587972640991, 0.9183329343795776, 0.927596926689148, 0.9503507614135742, 0.950248122215271, 0.937596321105957, 0.9485356211662292, 0.9443292617797852, 0.945624589920044, 0.9404424428939819, 0.9547344446182251, 0.9510577321052551, 0.9510339498519897, 0.9470582008361816, 0.9386622309684753, 0.9278178215026855, 0.9489928483963013], "val_auc_roc": [0.8654347658157349, 0.8719621300697327, 0.928993284702301, 0.9780238270759583, 0.9900853037834167, 0.9925505518913269, 0.9933131337165833, 0.9936423301696777, 0.9920214414596558, 0.996103823184967, 0.9925917983055115, 0.9961682558059692, 0.9976561069488525, 0.9954485297203064, 0.9952468872070312, 0.9960390329360962, 0.9965590834617615, 0.9957015514373779, 0.9959407448768616, 0.996802568435669, 0.9913171529769897, 0.9947574734687805, 0.98882657289505, 0.9954365491867065, 0.9917823672294617, 0.9925172924995422, 0.9886053204536438, 0.9859666228294373, 0.990967869758606, 0.9882891178131104], "val_iou": [0.0, 0.3246826231479645, 0.3596359193325043, 0.5662263035774231, 0.6205850839614868, 0.6819385290145874, 0.7083047032356262, 0.7205677628517151, 0.7362117171287537, 0.7613171935081482, 0.7495667934417725, 0.7589478492736816, 0.7713660001754761, 0.7678545713424683, 0.7133703827857971, 0.7507141828536987, 0.791782021522522, 0.7975404858589172, 0.765604555606842, 0.7771978378295898, 0.7871665358543396, 0.7889409065246582, 0.7727665305137634, 0.7969381809234619, 0.77703458070755, 0.7937161922454834, 0.795158326625824, 0.7788498401641846, 0.7635595798492432, 0.7987696528434753], "val_loss": [0.17074327170848846, 0.1272743195295334, 0.09265661984682083, 0.06864336878061295, 0.05222013220191002, 0.03673822060227394, 0.029030712321400642, 0.02325001358985901, 0.019543614238500595, 0.015555010177195072, 0.013906899839639664, 0.012236005626618862, 0.010881580412387848, 0.010115951299667358, 0.011813178658485413, 0.009866880252957344, 0.007809740491211414, 0.007468612864613533, 0.008151628077030182, 0.007661531679332256, 0.007361141964793205, 0.0072424933314323425, 0.007510307710617781, 0.0063126892782747746, 0.0069213742390275, 0.006480071227997541, 0.006794169545173645, 0.0075941747054457664, 0.00811039563268423, 0.006652373820543289], "val_precision": [0.0, 0.886405885219574, 0.9352193474769592, 0.6891206502914429, 0.7364538311958313, 0.8341019153594971, 0.8743878602981567, 0.8823866844177246, 0.9013778567314148, 0.9049354195594788, 0.9244376420974731, 0.9014400243759155, 0.8917714953422546, 0.9049220085144043, 0.7778909802436829, 0.8800208568572998, 0.8857405781745911, 0.8952939510345459, 0.8848943710327148, 0.8453797698020935, 0.9043960571289062, 0.8788905143737793, 0.9251368045806885, 0.9108579754829407, 0.9420985579490662, 0.9243025779724121, 0.9245852828025818, 0.9293992519378662, 0.8639317750930786, 0.938024640083313],